text,sentiment
I received this product.,neutral
I have no strong opinion about this product,neutral
The course works as described.,neutral
Overall the book is standard,neutral
Overall the phone is normal,neutral
I enjoyed this laptop.,positive
The restaurant was boring and I am very upset.,negative
This app is disappointing.,negative
"This restaurant is acceptable, nothing more.",neutral
I don't like this restaurant.,negative
I dislike this course.,negative
The teacher is ordinary.,neutral
I am disappointed with this service!,negative
"I love this course, it is great.",positive
"The course exceeded my expectations, truly excellent",positive
I don't like this teacher.,negative
"The teacher exceeded my expectations, truly impressive.",positive
"I love this website, it is fantastic.",positive
I think the hotel is so-so,neutral
"I regret buying this movie, it is annoying",negative
"I am unhappy with this laptop, it is poor!",negative
The website works as described!,neutral
What a brilliant restaurant.,positive
"I will never buy this course again, it is worst",negative
The service is neither good nor bad.,neutral
The camera was fantastic and I am very happy.,positive
What a awful restaurant,negative
I have used this restaurant!,neutral
"Really terrible hotel, do not recommend!",negative
"Such a impressive service, I would buy it again",positive
What a amazing website!,positive
I have used this book.,neutral
Overall the course is nothing special.,neutral
I have seen this restaurant.,neutral
"I will never buy this app again, it is worst",negative
What a impressive course,positive
I am unhappy with this song.,negative
"This game is acceptable, nothing more.",neutral
"Such a awesome song, I would buy it again",positive
What a awful course!,negative
"Really superb app, highly recommended",positive
"Really brilliant teacher, highly recommended.",positive
The song was not good at all,negative
I am happy with this book!,positive
I have used this hotel.,neutral
The camera was disappointing and I am very upset,negative
What a excellent song.,positive
"This movie is normal, nothing more.",neutral
"The hotel exceeded my expectations, truly brilliant!",positive
"I adore this movie, it is great.",positive
"Really bad app, do not recommend",negative
"This app is ordinary, nothing more.",neutral
The camera was annoying and I am very upset,negative
I dislike this book!,negative
The website works as described.,neutral
This hotel is bad.,negative
"The movie exceeded my expectations, truly brilliant.",positive
"Really fantastic course, highly recommended!",positive
Overall the phone is standard!,neutral
I don't like this laptop,negative
I regret buying this product.,negative
"I will never buy this app again, it is horrible.",negative
"I am happy with this product, it is great.",positive
What a amazing song,positive
"I enjoyed this service, it is wonderful!",positive
What a brilliant app,positive
I received this camera.,neutral
"I will never buy this restaurant again, it is awful",negative
I am unhappy with this website!,negative
The service was superb and I am very happy,positive
"The product exceeded my expectations, truly impressive",positive
"Really fantastic restaurant, highly recommended.",positive
The camera is average,neutral
I am disappointed with this service,negative
This laptop is awful,negative
"Really boring product, do not recommend.",negative
"This laptop is ordinary, nothing more.",neutral
"The movie exceeded my expectations, truly fantastic.",positive
I received this course.,neutral
"It is just another course, fine!",neutral
I received this hotel,neutral
I am happy with this teacher.,positive
"I regret buying this phone, it is terrible.",negative
Overall the product is normal,neutral
This teacher is outstanding!,positive
This phone is not worth the money.,negative
"This website is nothing special, nothing more",neutral
"It is just another camera, average!",neutral
The teacher is okay,neutral
Overall the game is moderate!,neutral
Overall the book is okay.,neutral
"Such a excellent camera, I would buy it again",positive
"It is just another hotel, decent enough!",neutral
I don't like this teacher,negative
"Really awesome game, highly recommended!",positive
Overall the course is standard,neutral
The game was worst and I am very upset.,negative
What a fantastic laptop,positive
"The game exceeded my expectations, truly perfect.",positive
I think the service is standard.,neutral
"I am disappointed with this course, it is poor.",negative
The camera is neither good nor bad,neutral
This book is outstanding!,positive
I have used this restaurant.,neutral
Overall the app is typical.,neutral
"Really worst teacher, do not recommend.",negative
The game works as described.,neutral
"I love this camera, it is excellent!",positive
"I can't stand this hotel, it is horrible",negative
"I enjoyed this service, it is impressive!",positive
I enjoyed this course!,positive
The product is ordinary.,neutral
"It is just another course, nothing special",neutral
"The hotel exceeded my expectations, truly lovely!",positive
"This camera is acceptable, nothing more",neutral
The course was not good at all.,negative
This product is bad!,negative
This game is annoying,negative
"Really horrible restaurant, do not recommend",negative
The movie is neither good nor bad.,neutral
I think the hotel is standard,neutral
I have tried this app!,neutral
I am happy with this course!,positive
"It is just another song, okay!",neutral
"I am disappointed with this song, it is poor.",negative
I love this book,positive
The app is typical,neutral
Overall the app is fine!,neutral
"The teacher exceeded my expectations, truly awesome.",positive
I am happy with this camera.,positive
"The teacher exceeded my expectations, truly impressive!",positive
The restaurant is moderate.,neutral
This phone is fantastic.,positive
It is okay,neutral
"I regret buying this course, it is disappointing",negative
"I am satisfied with this camera, it is impressive",positive
I think the restaurant is moderate,neutral
"Really brilliant course, highly recommended.",positive
I regret buying this restaurant!,negative
This course is brilliant!,positive
The service was boring and I am very upset.,negative
The website was annoying and I am very upset.,negative
I think the service is acceptable.,neutral
The song was not good at all!,negative
"Really fantastic movie, highly recommended.",positive
What a awful product!,negative
"It is just another website, standard.",neutral
I think the camera is so-so,neutral
"Really terrible course, do not recommend!",negative
The phone was pathetic and I am very upset!,negative
What a amazing app,positive
The game is standard.,neutral
The laptop works as described!,neutral
The teacher was poor and I am very upset.,negative
Overall the camera is ordinary,neutral
"Really fantastic teacher, highly recommended!",positive
The laptop was bad and I am very upset!,negative
"This course is okay, nothing more",neutral
"It is just another laptop, so-so!",neutral
What a poor website,negative
The song was pathetic and I am very upset!,negative
Overall the course is okay.,neutral
What a awesome hotel!,positive
What a boring book!,negative
What a fantastic hotel!,positive
This song is bad.,negative
Overall the service is normal!,neutral
The course is neither good nor bad.,neutral
"Really poor book, do not recommend!",negative
"I will never buy this hotel again, it is annoying!",negative
This movie is not worth the money.,negative
"I am satisfied with this game, it is impressive!",positive
I have seen this phone.,neutral
I adore this book,positive
"Such a impressive laptop, I would buy it again.",positive
I don't like this app.,negative
"I will never buy this camera again, it is unpleasant.",negative
"Really superb movie, highly recommended.",positive
"Such a great service, I would buy it again!",positive
"Really fantastic website, highly recommended.",positive
"Such a wonderful laptop, I would buy it again!",positive
This camera is outstanding,positive
"I am unhappy with this song, it is terrible!",negative
This restaurant is not worth the money.,negative
"Really great website, highly recommended.",positive
"I will never buy this book again, it is annoying",negative
"This service is decent enough, nothing more!",neutral
What a annoying camera.,negative
I love this product,positive
I adore this game.,positive
"This laptop is acceptable, nothing more",neutral
I don't like this laptop!,negative
The phone is typical.,neutral
The song was perfect and I am very happy!,positive
I love this service.,positive
Overall the product is decent enough.,neutral
The movie was boring and I am very upset.,negative
This service is worst!,negative
"I enjoyed this book, it is fantastic.",positive
What a excellent movie,positive
Overall the restaurant is average!,neutral
This website is great.,positive
"I will never buy this restaurant again, it is unpleasant.",negative
"Really amazing laptop, highly recommended!",positive
"Such a brilliant restaurant, I would buy it again",positive
What a brilliant teacher.,positive
The phone works as described.,neutral
This teacher is not worth the money!,negative
"Really pathetic game, do not recommend",negative
"Such a perfect camera, I would buy it again!",positive
"I regret buying this product, it is annoying.",negative
I think the teacher is standard!,neutral
The book was not good at all,negative
I dislike this teacher.,negative
Overall the teacher is acceptable,neutral
"I enjoyed this song, it is perfect!",positive
What a superb book.,positive
What a excellent product.,positive
This book is not worth the money!,negative
"It is just another course, standard.",neutral
"The laptop exceeded my expectations, truly outstanding",positive
The app is neither good nor bad.,neutral
"I hate this game, it is pathetic.",negative
"Such a awesome service, I would buy it again!",positive
I think the website is normal,neutral
"It is just another movie, fine.",neutral
"It is just another service, standard.",neutral
Overall the website is ordinary.,neutral
I hate this laptop.,negative
I think the product is average.,neutral
"Such a fantastic website, I would buy it again!",positive
What a impressive service!,positive
"Such a fantastic hotel, I would buy it again!",positive
The phone is neither good nor bad!,neutral
"It is just another book, ordinary!",neutral
I love this camera.,positive
What a superb phone!,positive
The hotel was not good at all.,negative
"I regret buying this game, it is boring",negative
"This song is nothing special, nothing more.",neutral
"This website is moderate, nothing more.",neutral
The hotel works as described,neutral
This website is poor,negative
"It is just another teacher, typical!",neutral
I think the product is acceptable.,neutral
The movie was not good at all!,negative
"Really amazing teacher, highly recommended.",positive
The course is neither good nor bad!,neutral
"I dislike this movie, it is boring",negative
Overall the camera is acceptable!,neutral
"Really impressive movie, highly recommended",positive
This song is horrible,negative
"Really terrible movie, do not recommend",negative
The camera was horrible and I am very upset.,negative
"This laptop is decent enough, nothing more",neutral
This laptop is not worth the money,negative
What a horrible teacher.,negative
"Really annoying teacher, do not recommend.",negative
The song was perfect and I am very happy.,positive
I have seen this phone!,neutral
I have used this book!,neutral
"Really awful app, do not recommend",negative
"I will never buy this camera again, it is awful",negative
"It is just another teacher, moderate!",neutral
The service was boring and I am very upset,negative
"It is just another restaurant, ordinary.",neutral
What a superb hotel.,positive
The course is nothing special,neutral
I don't like this course!,negative
The camera was unpleasant and I am very upset.,negative
What a superb course!,positive
"Really bad teacher, do not recommend",negative
I have seen this hotel.,neutral
"This movie is normal, nothing more!",neutral
The teacher was unpleasant and I am very upset!,negative
What a superb service,positive
I am satisfied with this website.,positive
"I regret buying this product, it is unpleasant!",negative
"I will never buy this service again, it is terrible!",negative
"I am satisfied with this song, it is excellent!",positive
"This hotel is decent enough, nothing more",neutral
This book is not worth the money.,negative
Overall the restaurant is moderate.,neutral
This phone is excellent.,positive
"It is just another restaurant, decent enough.",neutral
"Really awful product, do not recommend",negative
"I can't stand this app, it is unpleasant.",negative
What a impressive movie.,positive
The song was superb and I am very happy.,positive
I have tried this phone.,neutral
Overall the website is normal.,neutral
I hate this hotel.,negative
I have tried this song!,neutral
The teacher was unpleasant and I am very upset,negative
The website was unpleasant and I am very upset.,negative
This book is great.,positive
Overall the service is decent enough!,neutral
The app is decent enough!,neutral
I don't like this service.,negative
"Really superb restaurant, highly recommended.",positive
"The song exceeded my expectations, truly wonderful!",positive
"Really awesome laptop, highly recommended",positive
"Such a lovely game, I would buy it again!",positive
"Really great camera, highly recommended",positive
I adore this app.,positive
"It is just another website, acceptable.",neutral
I am disappointed with this hotel.,negative
"It is just another laptop, acceptable",neutral
The hotel was excellent and I am very happy.,positive
Overall the app is average.,neutral
"This camera is decent enough, nothing more.",neutral
"I really like this laptop, it is wonderful",positive
"I am unhappy with this service, it is worst.",negative
Overall the phone is fine.,neutral
The service was useless and I am very upset,negative
The camera works as described!,neutral
I don't like this game.,negative
What a horrible game.,negative
The restaurant was wonderful and I am very happy,positive
I don't like this phone,negative
Overall the hotel is so-so.,neutral
"Really boring book, do not recommend.",negative
I don't like this book!,negative
This book is great!,positive
I think the website is acceptable!,neutral
The restaurant was not good at all,negative
"The game exceeded my expectations, truly wonderful.",positive
I think the movie is okay,neutral
This phone is wonderful,positive
The teacher was horrible and I am very upset.,negative
The hotel is neither good nor bad,neutral
I think the movie is standard!,neutral
"I adore this service, it is impressive!",positive
This website is great!,positive
The book is typical,neutral
Overall the teacher is normal.,neutral
"I will never buy this laptop again, it is awful.",negative
"This phone is okay, nothing more.",neutral
This teacher is not worth the money.,negative
"It is just another movie, decent enough",neutral
"Such a lovely song, I would buy it again!",positive
The movie was wonderful and I am very happy.,positive
Overall the camera is fine,neutral
This product is not worth the money.,negative
I think the course is average,neutral
The service is fine,neutral
"It is just another product, okay",neutral
"Such a excellent service, I would buy it again",positive
I think the teacher is ordinary.,neutral
What a horrible website.,negative
I think the book is normal.,neutral
Overall the game is moderate,neutral
"Really bad song, do not recommend",negative
The app is neither good nor bad!,neutral
"Really wonderful book, highly recommended",positive
The website was outstanding and I am very happy,positive
"The teacher exceeded my expectations, truly outstanding.",positive
This teacher is poor!,negative
"It is just another service, moderate",neutral
"The camera exceeded my expectations, truly impressive.",positive
I think the movie is decent enough!,neutral
I enjoyed this restaurant,positive
"I really like this product, it is great.",positive
"I will never buy this website again, it is worst",negative
"Really awesome course, highly recommended!",positive
"This camera is moderate, nothing more!",neutral
The restaurant was superb and I am very happy.,positive
I have seen this product.,neutral
"Really terrible website, do not recommend.",negative
"It is just another song, acceptable.",neutral
The course was great and I am very happy!,positive
I have seen this app.,neutral
I am happy with this game.,positive
"I will never buy this phone again, it is useless",negative
"It is just another restaurant, acceptable.",neutral
The app was fantastic and I am very happy!,positive
This service is not worth the money.,negative
"I enjoyed this movie, it is brilliant",positive
"Really outstanding website, highly recommended.",positive
Overall the website is acceptable,neutral
"This website is decent enough, nothing more.",neutral
What a excellent camera.,positive
I have seen this camera,neutral
I don't like this product,negative
The product works as described,neutral
"Really impressive service, highly recommended",positive
"This song is fine, nothing more.",neutral
The app works as described.,neutral
What a lovely movie.,positive
"I am unhappy with this product, it is pathetic.",negative
"Such a impressive camera, I would buy it again!",positive
The movie is neither good nor bad,neutral
"Such a wonderful game, I would buy it again.",positive
"Such a awesome book, I would buy it again!",positive
I enjoyed this movie,positive
"Such a superb camera, I would buy it again.",positive
This product is unpleasant,negative
I am unhappy with this laptop,negative
This book is awful,negative
The course was amazing and I am very happy!,positive
"This teacher is so-so, nothing more.",neutral
The book is fine,neutral
"I will never buy this app again, it is bad!",negative
This website is not worth the money.,negative
The game works as described!,neutral
The camera works as described,neutral
"This product is standard, nothing more.",neutral
"This song is so-so, nothing more.",neutral
This service is superb.,positive
I am satisfied with this product.,positive
The website was horrible and I am very upset.,negative
"I dislike this book, it is disappointing.",negative
This restaurant is horrible.,negative
The website works as described,neutral
I really like this teacher!,positive
"Really outstanding teacher, highly recommended",positive
What a perfect phone.,positive
This is excellent,positive
"I am disappointed with this product, it is pathetic!",negative
The website was great and I am very happy,positive
"I am happy with this teacher, it is great.",positive
The book was disappointing and I am very upset!,negative
I don't like this course.,negative
"I will never buy this phone again, it is worst.",negative
This app is great,positive
"Such a lovely game, I would buy it again.",positive
"I really like this game, it is awesome!",positive
"Really fantastic restaurant, highly recommended!",positive
"Really useless product, do not recommend!",negative
I think the phone is ordinary.,neutral
The product is neither good nor bad,neutral
The app is neither good nor bad,neutral
"It is just another book, typical.",neutral
This game is not worth the money!,negative
What a wonderful song,positive
"Such a superb song, I would buy it again",positive
"I will never buy this app again, it is horrible!",negative
I have seen this game.,neutral
"I really like this movie, it is awesome.",positive
I think the movie is standard,neutral
Overall the product is so-so.,neutral
The phone is moderate,neutral
This restaurant is awesome.,positive
"I adore this game, it is excellent!",positive
Overall the movie is standard.,neutral
"I will never buy this phone again, it is poor.",negative
The movie works as described.,neutral
"I enjoyed this movie, it is outstanding.",positive
I have seen this course!,neutral
The product was boring and I am very upset!,negative
What a amazing product.,positive
"This laptop is average, nothing more",neutral
The course is normal.,neutral
I regret buying this phone.,negative
The teacher was wonderful and I am very happy!,positive
I regret buying this game,negative
The book is neither good nor bad,neutral
"I really like this restaurant, it is excellent",positive
I really like this course!,positive
The hotel is so-so.,neutral
"Really awesome camera, highly recommended",positive
The book was unpleasant and I am very upset,negative
"Such a impressive website, I would buy it again",positive
This phone is fantastic,positive
"I can't stand this movie, it is worst!",negative
I really like this app,positive
What a terrible course,negative
"Really impressive service, highly recommended.",positive
The restaurant is neither good nor bad,neutral
"I love this website, it is lovely!",positive
I don't like this teacher!,negative
I am satisfied with this course.,positive
"It is just another book, average",neutral
I have no strong opinion about this app.,neutral
The product was great and I am very happy.,positive
"Really awesome song, highly recommended!",positive
I don't like this restaurant,negative
This game is not worth the money.,negative
The camera was not good at all!,negative
"This game is typical, nothing more",neutral
This restaurant is fantastic,positive
This camera is not worth the money,negative
"It is just another hotel, acceptable.",neutral
"Really horrible product, do not recommend!",negative
This movie is useless!,negative
"Really unpleasant website, do not recommend.",negative
The restaurant was not good at all!,negative
This restaurant is bad.,negative
"The service exceeded my expectations, truly amazing.",positive
I think the product is nothing special!,neutral
This service is horrible!,negative
I think the song is fine,neutral
"Really amazing hotel, highly recommended!",positive
It is an average product,neutral
I have used this song!,neutral
"This app is so-so, nothing more.",neutral
"I really like this service, it is awesome",positive
"Such a amazing book, I would buy it again",positive
Overall the game is acceptable.,neutral
This product is awful.,negative
"It is just another service, typical!",neutral
"I will never buy this course again, it is pathetic",negative
I don't like this song.,negative
The camera was excellent and I am very happy.,positive
This song is wonderful!,positive
This course is wonderful,positive
"It is just another restaurant, average.",neutral
This hotel is disappointing!,negative
This laptop is excellent,positive
This camera is not worth the money!,negative
The hotel was excellent and I am very happy,positive
This book is pathetic,negative
"I hate this laptop, it is horrible",negative
"Such a impressive camera, I would buy it again",positive
I can't stand this phone,negative
The hotel was wonderful and I am very happy.,positive
"I will never buy this movie again, it is useless.",negative
"Really poor song, do not recommend.",negative
"This restaurant is decent enough, nothing more.",neutral
The service was wonderful and I am very happy.,positive
"Such a fantastic restaurant, I would buy it again.",positive
What a excellent course.,positive
"I will never buy this song again, it is useless",negative
I think the movie is typical.,neutral
What a horrible phone.,negative
This book is worst.,negative
I am satisfied with this teacher.,positive
"I will never buy this website again, it is boring.",negative
I have tried this app.,neutral
"I love this laptop, it is impressive.",positive
The service was outstanding and I am very happy!,positive
I don't like this laptop.,negative
This laptop is not worth the money.,negative
What a disappointing course.,negative
What a excellent laptop.,positive
"Such a outstanding phone, I would buy it again.",positive
The hotel was great and I am very happy.,positive
This app is superb!,positive
The hotel works as described.,neutral
"The song exceeded my expectations, truly impressive.",positive
This song is not worth the money!,negative
The laptop works as described,neutral
The camera is typical.,neutral
"The product exceeded my expectations, truly impressive.",positive
Overall the app is ordinary,neutral
The service is standard,neutral
"Such a wonderful teacher, I would buy it again.",positive
Overall the movie is acceptable!,neutral
"The movie exceeded my expectations, truly outstanding",positive
"I regret buying this song, it is annoying",negative
"I can't stand this movie, it is bad.",negative
The teacher is neither good nor bad.,neutral
What a perfect hotel,positive
The book was unpleasant and I am very upset!,negative
The service is neither good nor bad!,neutral
Nothing special,neutral
The song was pathetic and I am very upset.,negative
"I will never buy this game again, it is disappointing.",negative
"I will never buy this laptop again, it is poor.",negative
The service was worst and I am very upset,negative
What a impressive song.,positive
I enjoyed this game.,positive
"I am happy with this course, it is outstanding",positive
"Such a amazing movie, I would buy it again",positive
"I really like this book, it is impressive",positive
The book is neither good nor bad.,neutral
"This service is moderate, nothing more",neutral
"Such a great course, I would buy it again",positive
The teacher was wonderful and I am very happy.,positive
"The movie exceeded my expectations, truly amazing.",positive
I don't like this book.,negative
"Really amazing app, highly recommended.",positive
This movie is superb!,positive
"I can't stand this website, it is poor.",negative
I am happy with this service.,positive
"It is just another book, so-so",neutral
The product works as described!,neutral
"The game exceeded my expectations, truly lovely!",positive
I have used this movie.,neutral
The book is nothing special,neutral
The hotel was annoying and I am very upset.,negative
I think the song is normal.,neutral
"Such a lovely movie, I would buy it again.",positive
What a awful movie.,negative
"I will never buy this movie again, it is worst",negative
The service works as described!,neutral
"I will never buy this teacher again, it is unpleasant!",negative
The restaurant was not good at all.,negative
The restaurant is neither good nor bad.,neutral
This book is awesome!,positive
The phone works as described!,neutral
"I will never buy this song again, it is worst.",negative
This teacher is boring!,negative
The camera is so-so.,neutral
What a useless phone.,negative
I have no strong opinion about this camera.,neutral
"The course exceeded my expectations, truly excellent!",positive
The product works as described.,neutral
I am disappointed with this website!,negative
"Such a perfect product, I would buy it again",positive
This book is disappointing.,negative
This game is boring,negative
What a lovely teacher.,positive
What a annoying hotel,negative
This service is excellent.,positive
The app works as described!,neutral
The product was outstanding and I am very happy,positive
Overall the website is typical.,neutral
The camera works as described.,neutral
Overall the phone is typical,neutral
"This movie is ordinary, nothing more.",neutral
The song is nothing special!,neutral
"Such a outstanding app, I would buy it again",positive
This book is not worth the money,negative
The song is neither good nor bad,neutral
"I am disappointed with this restaurant, it is disappointing",negative
What a brilliant product.,positive
I think the website is typical!,neutral
"This restaurant is average, nothing more.",neutral
Overall the app is okay!,neutral
This course is not worth the money,negative
"I will never buy this service again, it is worst!",negative
"Really lovely service, highly recommended!",positive
"Such a great phone, I would buy it again.",positive
The product was not good at all!,negative
I think the restaurant is okay.,neutral
I have no strong opinion about this laptop.,neutral
This phone is superb,positive
The book was not good at all.,negative
What a impressive restaurant!,positive
I can't stand this course,negative
The phone works as described,neutral
"Really poor course, do not recommend",negative
Overall the song is acceptable.,neutral
"Really terrible website, do not recommend!",negative
This hotel is brilliant!,positive
"I will never buy this website again, it is annoying!",negative
I hate this product,negative
The teacher was annoying and I am very upset,negative
The restaurant is ordinary!,neutral
The service works as described.,neutral
"I am satisfied with this website, it is excellent.",positive
The book was brilliant and I am very happy!,positive
"I regret buying this game, it is awful.",negative
This hotel is boring.,negative
This phone is outstanding,positive
The product is neither good nor bad.,neutral
I adore this game,positive
The movie was unpleasant and I am very upset!,negative
"The restaurant exceeded my expectations, truly amazing!",positive
"The service exceeded my expectations, truly great!",positive
"This game is so-so, nothing more.",neutral
I think the course is typical.,neutral
I think the website is decent enough!,neutral
Terrible experience,negative
The song is ordinary.,neutral
I have no strong opinion about this song,neutral
What a awful app,negative
The website was excellent and I am very happy!,positive
This website is awesome,positive
"I will never buy this movie again, it is terrible.",negative
The game was superb and I am very happy,positive
"It is just another song, fine!",neutral
"This movie is fine, nothing more.",neutral
I think the service is nothing special.,neutral
The product was not good at all.,negative
I have tried this laptop,neutral
"I will never buy this phone again, it is horrible!",negative
The hotel was terrible and I am very upset!,negative
The app was not good at all.,negative
What a bad restaurant,negative
What a excellent game,positive
The game was not good at all,negative
This hotel is excellent.,positive
"This game is standard, nothing more",neutral
This song is not worth the money.,negative
The movie was awesome and I am very happy,positive
This app is superb,positive
The phone is neither good nor bad.,neutral
Overall the song is so-so.,neutral
This course is annoying!,negative
What a pathetic phone!,negative
"It is just another app, fine.",neutral
I really like this website.,positive
The game works as described,neutral
Overall the website is okay.,neutral
This restaurant is impressive.,positive
I regret buying this laptop,negative
"Really horrible laptop, do not recommend!",negative
"I regret buying this app, it is unpleasant.",negative
I love this teacher.,positive
"Such a excellent product, I would buy it again",positive
I think the product is so-so!,neutral
"It is just another camera, okay.",neutral
"I am disappointed with this book, it is disappointing.",negative
I don't like this app!,negative
The movie was not good at all,negative
What a perfect hotel.,positive
"Really perfect course, highly recommended",positive
"The movie exceeded my expectations, truly brilliant",positive
The movie was lovely and I am very happy.,positive
"I will never buy this phone again, it is terrible!",negative
What a bad teacher.,negative
I think the game is fine.,neutral
What a boring app,negative
The book was great and I am very happy.,positive
Overall the teacher is fine.,neutral
"The book exceeded my expectations, truly lovely",positive
The product was bad and I am very upset.,negative
The restaurant works as described!,neutral
"This movie is okay, nothing more.",neutral
"This phone is decent enough, nothing more.",neutral
"I will never buy this product again, it is disappointing!",negative
This app is annoying.,negative
I am happy with this movie.,positive
The book works as described.,neutral
The camera was worst and I am very upset.,negative
I think the book is so-so.,neutral
"I will never buy this movie again, it is pathetic.",negative
"This website is typical, nothing more.",neutral
The teacher is neither good nor bad!,neutral
"Really disappointing book, do not recommend!",negative
"Such a wonderful course, I would buy it again.",positive
This laptop is poor!,negative
I think the restaurant is okay,neutral
What a horrible restaurant.,negative
"It is just another product, average.",neutral
The website was boring and I am very upset!,negative
"Such a impressive hotel, I would buy it again!",positive
What a boring phone,negative
"Such a fantastic restaurant, I would buy it again",positive
This phone is awesome.,positive
I dislike this game,negative
"This camera is standard, nothing more",neutral
"Such a great laptop, I would buy it again.",positive
"It is just another app, nothing special.",neutral
Overall the teacher is so-so.,neutral
"I am disappointed with this website, it is annoying.",negative
I think the phone is so-so,neutral
"I will never buy this website again, it is unpleasant.",negative
The game was not good at all.,negative
The service was not good at all,negative
"Really awful song, do not recommend.",negative
I hate this service,negative
"Really horrible teacher, do not recommend!",negative
The restaurant was impressive and I am very happy!,positive
I am unhappy with this book.,negative
The laptop was annoying and I am very upset!,negative
The laptop is neither good nor bad.,neutral
The service works as described,neutral
The app was great and I am very happy,positive
This app is awesome.,positive
The laptop is neither good nor bad!,neutral
"This product is average, nothing more.",neutral
I am satisfied with this service,positive
I am satisfied with this restaurant.,positive
What a perfect product.,positive
